start	end	text
0	1980	GG!
30000	40680	Muchas gracias a Alcaz de Cereconsejale, tan circulando dos actas, lo que por enepia por parte
40680	46920	en nuestras secretarias a los corredas cada uno a usted, el la última, pero vamos a
46920	51560	enviarse en el recurso el día de mañana, eso es el Alcaz.
51560	54760	¿Qué es el día de un tirado de cubinar de cubinar de cubinar de cubinar de cubinar de
54760	61800	cubinar? Bueno, esto es la oportunidad de dejar con tancia de invitaciones actividades,
61800	66280	de distintas organizaciones que serían enviados por parte de la secretaria de
66280	72080	de ustedes, así que eso es lo que tenemos en esta ocasión ceralcal de y consejales.
102080	103800	muchas gracias
104320	104820	más grande
117520	120020	sobre esta mayoría.
122980	125240	¿ cuestionó?
125240	126840	Si
126840	128100	Bueno, miradso!
128100	129100	Buenas tardes,
129100	134640	es, quería consejarle al calde, tengo entendido que el secretario municipales invió a sus
134640	141240	correos, la mucificación y que queríamos hacerle al reglamento de los fondos con cursable,
141240	150180	entonces no sé si les leó la parte que se incorporaron algunos temas al reglamento, entonces
150180	158580	no hay paso a eso, ya en el artículo 3 se incluyeron dos fondos que fue el fondo comité de agua
158580	164600	potable, fondo de desarrollo para el comité de agua potable, fondesa destinados a sistemas de
164600	169860	vestecimientos de agua potable rural para todos los comité de agua potable, brigadas de
169860	177580	el 12, la brigada de emergencia comunitaria, fondo de desarrollo para brigadas de emergencia comunitaria
177580	182740	a fondo de vestec, destinados a todas las brigadas de emergencias comunitarias enfocadas en las distintas
182740	191500	fases del ciclo de riesgo en desastre, mitigación, preparación, respuesta y rehabilitación, y ya en el título
191500	199820	3 de los participantes se agregó en la artículo 4, el punto, los organismos no podrán postular
199820	204900	de forma paralela en año calendario a los distintos financiamientos municipales tales como
204900	212820	fondo concurstable y su vención municipal. Y lo otro punto que se incorporó fue en el titulo
212820	220700	cuarto, en la letra B, la agreditación de la porte al proyecto del 10% de parte de la organización,
220700	225420	se acreditará solo con la presentación del certificado de la cuenta de ahorro a nombre
225420	232500	de la organización vigente, y actualizada, donde conste el aporte del 10% comprometido y señalado
232500	239140	con el proyecto y no será necesario depositar a la cuenta municipal. Esos son los puntos que
239140	248460	se incorporan en el reglamento. No quiso de eran las bases, esto es solamente el reglamento
248460	254260	que faltaba incorporar estos puntos, por eso no sólo antes de aprobar las bases, queremos
254340	265380	aprobar el tema del reglamento. Eso, ahí están todos, ahora más que. Ahora parece que
265380	270580	se está escuchando, se aloa la obesidad, porque recién que recién en el micrófono está funcionando
270580	275380	de buena forma. Así que a aquellos aloar a quienes nos pueden estar escuchando viendo, vamos
275380	284620	a la independencia, está explicando reciente. En el de respecto al lo que corresponde a los
284620	291220	fondos con cruzables municipales. Si hubiera una consulta de consejada, consejanes, todos
291220	297220	temas se habían tratado, se habían analizado en su momento. Así que pasaríamos entonces
297220	302100	a votación, sí, sabe? No, no esgelante, quiero comentar que igual se cambió el calendario
302100	310740	de la portulación. Así que igual se le pasó cada uno, un calendario nuevo para las nuevas
310740	317740	peitas. Entonces el calendario se una pequeña muy eficazión, sí, sí, sí, sí, sí.
317740	324500	Así que realmente en lo que en la apestación de la base, la capacitación va a ver
324500	329860	un dicho que se hace a la comunidad. Sí, es que en toda la explicación, entonces
329860	336340	pasaríamos a votación, vamos a ver la votación, o sea, el dommitor palma. Buenas tardes, sí,
336340	345380	a nuevo alcalde. En votación, o sea, o sea, no pasáles. Buenas tardes, sí, que no le pone la ciencia
345380	354340	de una nota y eso equipo, a prueba o alcalde. Buenas tardes, sí, a prueba, alcalde.
354340	361780	Buenas tardes, a prueba. Buenas tardes, a prueba. Buenas tardes, a prueba. Buenas tardes, sí,
361780	370660	con acuerdo con todo el planteado, a prueba. Buenas tardes, el calde y a la comunidad, sí,
370660	377100	a prueba. Yo también, a prueba, entonces, a prueba, una animidad, la muy eficazión va a
377100	382420	ser fondos concursable y se va a informar, oportunamente, los dirigentes, cuando va a hacer
382420	387040	la capacidad, para que pueden participar en este proceso, que les genera por su gasto desde
387040	392400	el municipio. Y desde el tercer consejo, también, oportunidades para que pueden desarrollar
392400	397580	distintas iniciativas, que en este caso estamos hablando de dos se fondos concursable,
397580	403460	sumando de llevanzados por primera vez, en el fondo de, como que el de agua y, brigadas,
403460	408060	encima. Eso es, muchas gracias, ¿suitas lejos?
408060	410460	Ya, el de, pues, ¿cuál es?
410460	418840	La salemos al tema 5, a volver a el tema, luego, te va a tres, ya se la reistegra, entonces,
418840	422980	el consejo acá, lo nabran, la vamos a hacer la palabra, voy a eficazión, pero supuestaria
422980	425380	un municipal número de los es.
425380	430900	Buenas tardes, el calde, Buenas tardes, consejales, consejales y bueno, a toda la comunidad
430900	436080	que nos está viendo a través de las redes sociales. Bueno, la siguiente presentación
436080	442360	modificación presupuestaria número 3 del año 26, donde se solicita lo norable consejo
442360	448040	municipal, la aprobación de los siguientes. Bueno, llegaron la segunda remesas de un proyecto
448040	453100	frir, denominado a construcción, hacer a javier a carrera como una Santa Juana, que ya
453100	458460	se había hecho ante una modificación presupuestaria, y ahora llegó a la segunda remesa.
458460	463380	Bueno, esta está en la cuenta de ingresos municipales que corresponde a la 115, 13,
463380	471060	0, 0, 0, 8, 0, 0, 8, correspondiente a fondo regional de iniciativas frir. Y necesita ser, bueno,
471060	476460	planteada y aprobada para poder ingresar la la cuenta de gastos municipales para
476460	483540	proceder a los respectivos pagos pendientes. La cuenta de 2015, 31, 0, 2, 0, 0, 4, 0, 14,
483540	488540	que es la cuenta de construcción a ser a javier a carrera como una Santa Juana. Esto sin
488540	496100	grreso corresponde al mundo de 39 millones, 300, 1,844 pesos. Así que esa sería la
496100	500540	unificación alcalde que se presenta al consejo municipal.
500540	507740	Sí, de alguna consulta, estaba en las friros sentadas, esto que estoy pertenecer al proyecto
507740	513660	de habitación, javier a carrera y para ingresar la presupuestro y poder considerar también
513660	520500	a la presa que está ayudando a la obra. Vamos a someter la votación, entonces, ¿en
520500	526940	votación de un Victor Palma? Sí, aprobó presidente. ¿Dónguán González?
526940	530060	Aproveciente. Consejada, Anita Salavía.
530060	533100	¿Puedo alcalde? Consejada. No, Fabiente, ¿qué es me?
533100	536740	Aproveo. ¿Dónguán, yo no dañellis? Sí, alcalde, también aproveo.
536740	542620	¿Dónguán, francico, soto? Aproveo alcalde. Yo también aproveo, se aprobó entonces por una
542620	546420	animidad, la magnificación para su que está en el municipal número tres. Muchas gracias
546420	549140	a don, ahora, por la información.
549140	550500	Gracias, muchas gracias.
550500	555540	Pasaríamos el tema de a cinco y por ver consejada resentante en el consejo municipal
555620	562060	de directorio de Aptel, que se va a la palabra. Gracias. Gracias, señora Alcalde.
562060	565100	Salvo a los T, a todos los presentes en estas salas, así hay quienes no escuchan
565100	570780	también a la distancia. Efectivamente, el pasado 24 de abril, eso de las 11 horas,
570780	576060	en las sesiones de la municipalidad y un vel, nos reunimos en una reunión que fue
576060	581620	la roga desde el mes de diciembre, del año pasado, con el fin de conocer alguna
581620	586820	antecedente y ponerlo en trabajo también de cara al 2016 en la sociedad en Andel.
586820	594380	Ya, en esta instancia, por parte de los funcionarios de Andel, domanoel, donorlando, se
594380	598380	entregaron algunos barnesas, algunos antecedentes, el trabajo que se ha venido desarrollando.
598380	603860	En esta instancia, logicamente no ha acompañado en el Alcalde Presidente, de un Rodrigo Montero,
603860	610060	de la Comuna de Florida, también estuvo presente los Alcaldes de Walky, de un velógicamente
610060	615700	que era los dueños de casa, hasta el mismo también estaban consejales de Cabrero, de
615700	620700	Yumberg y de Santa Juana, así también en el Alcalde de Cabrero, que también participó
620700	625140	de esta instancia. En esta ocasión, a parte del informe de gestión y el balance
625140	630420	financiero del 2025, que después inclaró la deduda carrastra al municipio de San Pedro,
630420	634900	con la asociación y que provocó el acuerdo que tuvimos que tomar lo integrante presente
634900	639820	en la Asamblea, que fue ya la exclusión, la expulsión por parte de esta asociación
639820	643140	de la municipalidad de San Pedro, ya que llevaba 2 años, no pagan 2 fotos, y ya se hacía
643140	648220	insostenible el funcionamiento de la entidad, generando algunos vaches presupuestarios
648220	652380	ahí, que eran productos de no pago de sus cuotas, entendemos que también hay que
652380	656100	funcionar, de gestiones que tienen que hacerse, por lo que ya no se podía extender más
656100	660900	esta decisión, así que se tomó un acuerdo un ánime, no poder ya contar con San Pedro
660900	664780	expulsar lo directamente a André, y se estaba teniendo conversaciones con los municipios
664780	669260	de Dome, y de laaja para ver quién se podría integrar a coagar, complementar y mantener
669260	673540	el número de los seis municipios que en base al cálculo que se hace ahí presupuestario
673540	678300	con el aporte de cada una de la municipalidad, y así que en la próxima sesión del directorio
678300	682780	debería entregarse la respuesta por parte de esta municipalidad, esta al menos mostraron
682780	690180	un interés de querer conocer el trabajo, referiente al trabajo propiamente tal,
690180	695700	se entregó un informe de avance de distintos proyectos donde está en número 1, donde se
695700	699900	indica que el Ministerio ha realizado observaciones al EIA y se está en el tercer proceso
699900	705340	de contestación, se peren grésor sistema en el mes de mayo que es el actual mes, en
705340	709860	segundo punto las carpas en reunión con profesionales del Gobierno original, se terminó
709860	714380	preocedimiento de ingreso de proyectos y a circular denta y tres por cada comuna, se entregaron
714380	719060	especificaciones técnicas similares a las realizadas por Pompeo para todas las comunas,
719060	723940	como tercer punto el Gobierno original informa que se reunió con el nuevo SREMDM de
723940	728660	Ambiente, y este mes se dará conocer propuesta para abordar proyectos tipo para estaciones
728660	734220	de transferencias y centros de reciclaje entre otros temas, como punto 4, las solimpiedas se
734220	738940	realizó ingreso de proyectos de su versión directa, el día 15 de octubre del año pasado
738940	744820	la etapa de admisibilidad actualmente se encuentra en proceso de corrección, en 15 puntos sobre
744820	749820	la ferial del se presentó proyecto de feria, por el municipio de la Presidencia de Amdel,
749820	754340	Florida, a través del programa de video vídeo por 120 millones de pesos que actualmente
754340	759300	se encuentra en proceso de revisión, en sexto punto las casés idricas referentes de
759300	764100	tema profesionales del gore de trabajas en propuesta donde no se informó ninguna bán se referente
764100	769420	a la matela. En el séptimo punto de seguridad ciudadana se reviza proyecto de odio más
769420	776420	seguro, donde las comunas de la sesión Amdel bajo el código V415945.000, todavía
776420	780700	dependiente de reunión de trabajo en el área, no se registran a bánse ni respuesta.
780700	784020	En el punto octavo, el programa de apoyas fiestas costumbristas vive video vídeo del
784020	788540	Gobierno original, todos los municipios entregaron sus propuestas, no intercutan bien
788540	793100	ahí dos manuelos. En el noveno punto, el proyecto vio fertilizante para los discultores,
793100	797140	elaborado por el universo del diobío, con la municipalidad de San Pedro y la paz, está
797140	802060	en esta pada de elaboración. Y, en decimos punto, proyectos subderes de capacitación
802060	806340	de novela y de seguridad municipal, ejecutarse en conjunto con el universo del diobío, debe
806340	811700	ser licitado via mercado público por los cuáles entregaran antecedentes próximamente.
811700	816500	También en esta reunión se comentó sobre el trabajo que realizó la sostén en algunas
816500	820820	de las comunas no cumpliendo el acuerdo que había previsto el año pasado de recorrer las
820820	826500	distintas comunas de este territorio para analizar, para poder oficer a las distintas empresas
826500	831260	telefónicas, el estado de la estructura, el funcionamiento de las antenas telefónicas,
831260	835660	afortunadamente si vinieron a Santa Juana, pero tampoco fue una labor muy profunda en ese
835660	842020	momento recordieron de 3 a 4 antenas, solamente, de la empresa en TEL, que fueron entregadas
842020	847700	a través de un informe que llegó a la municipalidad y que en realidad decía que iba a seguir
847700	852140	instruyendo a la distinta de empresas sobre los trabajos de visión, fortuitamente,
852140	856460	o curiosamente en realidad el día que se realizó la fiscalización, la antena funcionaron
856460	862820	óptimas en optimas condiciones, así que deja también hay un espacio a un hecho jocoso
862820	866540	producto de que no estaba ocurriendo esto al menos antes de la fiscalización, pero
866540	871500	hemos que estos se mantengan el tiempo, no obstante, ese indicó nuevamente que se
871500	875580	realizó un trabajo de forma más permanente, más serio, sobre todo con las antenas que
875580	879740	no cuentan con respaldo electrónico, cuando se corta la energía, a las antenas que con un
879740	883700	poco de lluvia dejan de funcionar, y sobre todo también las que han sido desmanteladas,
883700	887860	que Santa Juana tenemos varios de esas, que en realidad no cuentan con nada, se robaron
887860	892500	paneles solares, se robaron batería, así que, prácticamente, no están prestando un servicio
892500	893500	a la comunidad.
893500	897820	Y otro de los aportos que se tomó fue que también se pueden informar a los funcionarios
897820	901820	de la distinta municipalidad de la suciación que pueden hacer uso de la dependencia de
901820	906260	la fiscina, que está ubicada en aurelio o manzana en concepción, en caso de tener que
906260	909580	realizar también alguna labor administrativa, es que tenga que ver con un gestión y
909580	913420	primero en un documento, tener un espacio de trabajo producto de gestiones en la capital
913420	917540	regional, así que también está despacio habilitado para todos los funcionarios socios de
917540	921660	esta suciación, que pueden acercarse también aurelio manzana o en hora de oficina, en
921660	928220	caso de necesitar un espacio para la hora, logicamente ligada al que hacer municipas.
928220	934340	Eso fue el grande rago, lo que se conversó en esta reunión antel, con espera a la próxima
934340	939580	instancia que debería hacer de aquí hago meses en la comunidad de Cabrero.
939580	942140	Eso por mi parte es cálde, muchas gracias.
942140	944100	Muchas gracias, yo de tanto.
944100	949540	Bien, pasamos un sistema 6, cuenta de ir al cálde, por el primer lugar, se
949540	954260	yo dear que el día, primero de mayo, bueno, a partir de día del trabajador, se
954260	960820	toma a nivel mundial, de importante, por supuesto, los derechos de los y las trabajadoras,
960820	967820	ese día también se desarrolló una de varias especial en el día del pastor, ya que
967820	974660	desde el año 2018 se resultía del pastor, en el sentido de un reconocimiento a la
974660	981460	labor pastoral, pero además de la labor en el ámbito social, que cumplió con un
981460	988100	plencierto de los pastórios, hemos visto de muchos de ellos, en el sitio hacer como
988100	994160	el begincés de un ejemplo, también lo que basó en PENCO, en Tome, ahora con el
994160	1001220	16 de este año, las iglesias ha cumplido en la hora social, muy importante, si que
1001220	1009100	en todo este contexto se realizó una ciudad de app, primero de mayo, el día del pastor.
1009100	1016500	También quiero saludar con mucho cariño y gratitud a las conejo madres domínicas, ya que
1016500	1023500	el día domingo pasado se cumplió 90 años desde la llegada de las madres domínicas, asantacuenas
1023500	1033860	y, por supuesto, han educado a varias generaciones y también en el ámbito apoyo en
1033860	1041140	el ámbito de evangelización, lo que son los valores, y también, por supuesto, el tema de
1041140	1048540	formación de materia de estudio, académica, han cumplido un rol tremendamente importante,
1048540	1053940	bueno, ya llegaron el primer que está en vino a PENCO, al segundo año llegaron a Santa
1053940	1062260	Juana, y son partes sin lugar a dudas de los 400 años, nosotros reconociemos también
1062260	1068060	en el área de la universidad y hubo una arrastra, en este caso, en varios reconcibiendo durante
1068060	1073900	el año también, al labor tan importante que ha cumplido las madres domínicas en nuestra
1073900	1075900	comunidad.
1075900	1081500	Y en otra materia, bueno, que no va a aproveitar también de saludar a quienes participaron
1081500	1087180	en la cruz de mayo, este año, y yo diría que un año que ha tenido especial participación,
1087180	1093820	ya que el sector de guayerego es con la Junta de Senos, también el Grupo de personas
1093820	1098820	mayores que ha tenido rayen, también eso son los de mayo, lo mismo hizo el cruz de
1098820	1105420	guazos de Tanaungin, el cruz de guazos de curali, así que fenistar también a organización
1105420	1110260	y que mantienen vivas, una atraición también que no solamente en Santa Párez, pero que
1110260	1115200	parte de la cultura también de nuestro país, así que salvo, cañoso para toda y todos
1115200	1117200	quienes participan de ella.
1117200	1121520	Se está desarrollando, bueno, desde el verano se viene trabajando en la operación invierno,
1121520	1125620	estamos en este momento en un frente de mal tiempo, que se estima que esta noche va a ser
1125620	1132380	bastante agua y con el conviento, esto es operación invierno se estaba haciendo el
1132380	1139320	empieza de, bueno, de sumyeros, de bajas, de la realidad de agua, los pasos públicos
1139320	1145280	también, en esteros, en esteros guani, en esteros de el sector de espígado, que también lo
1145280	1150760	ya he pedido, lo que si no se tienta atrás, lo tanto se ha estado trabajando bastante
1150760	1158040	en esta operación invierno, y formá también que en el día de ayer estuve en Santiago
1158040	1164320	con el una reunión con las superes, su verdadidad es desarrolló regional, en la cual también
1164320	1168240	participó la participó, la diputada, la gente que ha muñosa aquí en la agradezco también
1168240	1174160	por su varios su aporte cierto también de invierno, los temas de Santa Juana, en las
1174160	1179400	sus redes tuvimos viento varios proyectos que van desde infraestructuridad hasta asistencia
1179400	1185360	técnica para poder tener profesionales que nos hay una formunas proyecto, así que eso
1185360	1190600	se está avanzando de algunos compromisas, que deberían salir de el transcurso de las
1190600	1197240	próximas semanas y todavía y también una reunión sostenía en las sus secretarias de
1197240	1201340	sesión del delito, ya que nosotros tenemos convenios con ellos, la idea de poder
1201340	1208800	agilizar, precisamente, con los convenios y los proyectos, ahí tenemos un portal de
1208800	1215120	cámaras desde la legislancia, y viendo también de futuros proyectos en materia de seguridad,
1215120	1220000	porque en la posta en marcha de la ley, de seguridad municipal, que está en una presidencia
1220000	1223760	de agosto, se está esperando lo que en el reglamento, que regula por su vasto, no que
1223760	1228960	es, está en ley, que va, indicamos alguna manera, va a tener una incencia en todos los
1228960	1235000	municipios del país, y una importancia reunión sostenía con los julio monos, que es
1235000	1241600	su secretario de las redes extensiones, con su equipo técnico, donde, bueno, el practamiento
1241600	1245440	es el sistema de los pital de Santa Puanas, esto que está en esta pada de diseño,
1245440	1252400	de ir a poder avanzar a la etapa de ejecución, también la posta de torredorada, la
1252400	1258280	posta de torredorada, digamos, ahí se sumió un compromiso de poder gestionar los recursos
1258280	1263440	para la construcción de la posta, se está viendo si se encanzas, cargos recursos de este
1263440	1267560	nuestro puesto de este año, o del que viene, pero sí hay compromiso ya desde el
1267560	1275120	ministerio de, de que la posta se pueda construir, bueno, el año pasado la posta estuvo en riesgo
1275120	1279600	de la posta de torredor, porque el Ministerio de San Oye Social, su primer agonación
1279600	1284240	no está de acuerdo con la reconstrucción, pero finalmente acá en el servicio de San
1284240	1291760	Oye, se logró destrabar eso, y al nivel misterial, si todavía no recursos van a el Ministerio
1291760	1296840	con el compromiso para el resto, entendiendo que fue un insente, y se tiene que
1296840	1305600	respondir, eso y también bueno, el tema de la ambulancia da avanzada, que eso
1305600	1309760	inicio está bastabarzo, se logró entender hasta el julio de este año y la idea de
1309760	1317960	hacerle construcción, eso también si quedó en estudiar el tema del presupuestario, hospital
1317960	1323560	también que una idea que estamos viendo con el ministerio que el ministerio de la posta
1323560	1328160	del ministerio, es que el sistema de trabajo, que pervidiría cierto que el
1328160	1335120	pesalita es pesalía, es de Santiago, es de la hospital digital también pueden tener
1335120	1341480	nuestros médicos, que trabajen el posta, la colaboración, el línea con medio
1341480	1347520	especialista, eso también lo estamos viendo ahí, y bueno, la idea de poder
1347520	1354280	contar con un especialista en Santa Juana, también lo plantea el tema de la medicina
1354280	1363120	familiar, parte de los temas planteados en el mensal, eso principalmente lo que puedo
1363120	1371280	informar, se ofrece a la palabra, si hago un insente, bueno, vamos a fijarlo, nos
1371280	1378040	hicimos otro, gracias al caldo, bueno, me quiero referir algo que usted lo ha
1378040	1384080	tocado, y la verdad que a medida que uno visita, cierto lugar, lo ofrece mayor
1384080	1390760	necesidad y que tiene que ir al calde con entrega de las casas posas incendios,
1390760	1396560	mayoritariamente me di cuenta que son adultos mayores y muchas veces que vi en solo se
1396560	1403960	lo va a ser que nuevamente un invierno bastante asotador, y ellos todavía están viviendo
1403960	1409320	las casas de emergencia, las casas están terminadas, como casas, ya hace mucho tiempo,
1409320	1415160	pero por distintos temas que tienen que ver básicamente con las entregas sanitarias de
1415160	1420880	las mismas, se han demorado, y la verdad es que da pena porque son mayoritariamente adultos
1420880	1426280	mayores, y lo voy a expresar tal cual cuando tal cual como me lo han dicho, no sé si
1426280	1432280	están esperando que nosotros muramos y lo hagan el velorio en las casas en vez de poder
1432280	1438800	utilizar, y de repente también entregan elementos humanos y técnicos dicen, bueno,
1438800	1443720	si nosotros lo que aspiramos a tener una buena casa que se nos quemó en las mismas condiciones
1443720	1450920	que teníamos antes del incendio, pero con la nueva relamentación de solicitar que tiene
1450920	1457920	que tener agua potable, que obviamente es ideal, pero resulta que por ese elemento, por decir
1457920	1463840	algo, se limita el otro que es el uso de la misma, entonces insistir con esto la nueva
1463840	1468600	autoridad al calde para que de una vez por todas, de una solución, o sea, yo no sé si
1468600	1477640	vamos a esperar años y años, y lo la familia, lo adulto, mayores no pueden utilizar sus
1477640	1485840	casas, lo otro, si bien el invierno, importante el calde de tener presente, el corte
1485840	1496160	y tal de árboles peligroso, por ejemplo aquí es el que Santa Juana, el camino Saruca, ya
1496160	1502800	se torna y no solamente en varios lugares de la común, se torna peligroso, los mismos
1502800	1510920	juntas de vecinos tienen un catástrole de árboles que están en riesgo, tenerlo en consideración,
1510920	1516340	y lo otro al calde también con los adultos mayores, me he encontrado en que hay muchos
1516340	1523880	adultos mayores con enfermedades de base, que debe medicarse todos los días, pero también
1523880	1531500	me di cuenta que a no tener una res de apoyo, muchas veces no tener las competencias de poder
1531500	1540480	leer, de poder ver bien, no llevan justos tratamientos de buena forma, por ejemplo un diabetico,
1540480	1547280	hay uno de ejercicios que yo vi y que de alguna manera me ocupado de algunos, es decir,
1547280	1554520	siempre ello de poderlo ordenar en tomar su remedio, todos los días, no todos tienen la capacidad
1554520	1562700	de ingestarse, por ejemplo, insulina, tienen una vida bastante complicada, sin embargo están
1562700	1569520	recibiendo bien su tratamiento en términos de descripción de medicina, pero la verdad
1569520	1573840	es que a veces lo que se tienen que tomar en la mañana, se los doman en la tarde, se
1573920	1579360	toma las des horas por desconocimiento, muchos de ellos no tienen res de apoyo, tanto
1579360	1586200	así que tampoco llegan a pedir ayuda al municipio, sea que hay un plan de en un momento
1586200	1591240	había un plan de atención a los adultos mayores, pero creo que es algo que debiera
1591240	1598120	mover a abordar como municipio, de qué manera buscamos un profesional que tenga una red
1598120	1604080	que sepa la cantidad de personas de adultos mayores que necesitan, muchos, los que tienen
1604080	1610080	res también de apoyo, sale muy temprano a trabajar y la verdad es que no le puede
1610080	1614480	suministrar los remedios, vacunas, etcétera, y de eso hay muchos adultos mayores que están
1614480	1620920	sufriendo, entonces, mi llamado es analizar esto, hacer un levantamiento en la medida
1620920	1627800	de lo posible, sobre todo por lo menos en este tapa, en el sector urbano, cierto donde
1627800	1633400	nosotros podamos entregar por lo menos este servicio a los adultos mayores, sobre todo
1633400	1638600	aquellos que tienen que es conocido y tienen enfermedades de base y en conjunto hacerlo
1638600	1644320	con el hospital, porque la verdad es que hay está listado completo de las personas que
1644320	1647560	necesitan esta atención, eso es alcalde, muchas gracias.
1648480	1652960	Muchas gracias, José José, José, José, José la Palabra,
1652960	1655920	consejal, ¿dómbito de Palabra y consejala a ni tasa de ensegués?
1655920	1664960	Gracias alcalde, bueno, un incente, dice de relación con la, hay un problema, en la pista
1664960	1670200	derecho, digamos, de la cinco esquina, al mercado de artesinos, la que la calzada
1670200	1676760	ahí está partida, los gitudalmen, los gitudalmenmente, por el medio de ahí, de la
1676760	1683320	pista, y, lógicamente, si bueno, van a venir la lluvia y ese fue grande armada de
1683320	1687840	ese tema, el gustaría, digamos, no sé si lo tienen en el carpeta la municipalidad de
1687840	1694480	postular la repavimentación de esa vida, puesto que así como a la calle se va a partir
1694480	1700880	del medio y la está respuesto a accidente, de la cinco esquina, hacia el mercado
1700880	1707960	gantecino de ser la pista de esa, a aguenta, tiene una partidura al medio de toda la
1707960	1714040	calle de la calle y de una de la calle para el divi, por el divi, eso, gracias alcalde.
1714040	1724120	Gracias alcalde, primero voy a partir con algunos recordatorios de cosas que hemos solicitado,
1724120	1729600	ya sea en comisión, no directamente para recordar el envío por favor de las cosas.
1729600	1737440	Primero, nosotros solicitamos en el consejo pasado un informe respecto de lo que fue altamente
1737440	1743680	difundido en medio de comunicación, por la controloría respecto de que estamos por sobre
1743680	1750240	el promerio de gastos en festividades, no justificadas, eso lo que dice la controloría,
1750240	1754720	señalando que el municipio de Santa Juana tenía un gasto sobrio de 53 millones y el
1754720	1761400	promedio de las comunas era el reo de 31 millones. Eso se pidió en el consejo pasado, lamentablemente
1761400	1766080	no estamos compréable más de audio, entonces la ciudadanía, no lo escucho, pero de todos
1766080	1774280	hemos recordado que está pendiente eso. También recordar que yo pedí en que estaba
1774280	1779520	la ejecución del proyecto Chile en México, en el entendido que, a la año pasado, a mí lo que
1779520	1785560	se me informó fue que ese proyecto había quedado sin funcionamiento dado que la gente
1785560	1790720	se cooperación internacional había no había accedido a la extensión de plazo, no obstante
1790720	1796480	cuando, en transparencia, uno revisa los informes de funcionario no era yo figura todavía que
1796480	1801560	están haciendo gestiones respecto de este proyecto, entonces me queda la duda sigue o no sigue,
1801560	1808040	se por también quedaron de enviarme informe respecto de eso. También y que eso se tocó
1808040	1813080	en comisión de acienda a raíz de el aumento de gasto que se produce con el incremento
1813080	1819480	de la combustible y reforzaba un poco en lo que se vio en la cuenta pública respecto de que
1819480	1824120	los principales ingresos que el municipio tiene vienen del fondo como un municipal y que
1824120	1829360	la mayoría de los gastos o sea el grudo eso se va en un pado de remuniración y con sumos
1829360	1835280	básicos, se solicitó en esa comisión también una propuesta de cómo se puede incrementar
1835280	1840280	los ingresos propios que sería la única día tal vez de nosotros general un poco más
1840280	1845120	de presupuesto que nos permita tener cierta o algura pensando en que también el impacto
1845120	1851600	que va a tener, si se aprobaba la rebaja en el pago de las contribuciones en las comunas
1851600	1857600	que esto es las que aportan al fondo como un municipal, evidentemente eso tiene un impacto
1857600	1862360	en la harca municipales en el momento en que esto se busca si es que no está
1862360	1868080	recordado la ley de presupuesto, eso se lo recorda todavía, ya, ahora como incidente
1868080	1876240	principalmente y único tengo que manifestar las situaciones de inseguridad que se presentan
1876240	1880520	en la comuna, o sea yo creo que para nadie desconocido lo que salió respecto que
1880520	1886560	teníamos acá una extensión del brazo del tren daráua más lo deficaron notificaron
1886560	1892640	como tren del sur, me parece y con hayanamiento simultáneo que se realizaron en la comuna,
1892640	1898680	bueno, eso por un lado ha generado y viene generando cerratos sensación de un alto índice
1898680	1906960	del ritual en la comuna inseguridad sumado también a estos ruidos molesto, motocicleta, autos
1906960	1912800	que han antoniados y que, generalmente, no dejan dormir a los vecinos y vecinas y en ese
1912800	1919600	contexto, quiero pedirle su autorización alcalde para ingresar una propuesta de proyecto
1919600	1925520	a la set-plac que de cuenta de cómo podemos abordar la inseguridad desde una medida
1925520	1931000	no con la tecnología, porque la tecnología usted bien lo dijo está ya en proyecto de
1931000	1936360	poner por tal aumento de cámaras no obstante de mi perspectiva, creo que lo que se en
1936360	1941200	requiere además de eso como complemento es un programa que puede hacer una intervención
1941200	1947280	social, multidisciplinaria que permita que en el territorio ya sea tanto el urbano como el
1947280	1952720	rural se vuelvan a llegar a ese entramado social que permite de una autofórma que los vecinos
1952720	1958560	entre ellos estén alerta, entre ellos puedan darse la confianza también para poder hacer
1958560	1962960	las denuncias porque hoy día sin denuncias tampoco vamos a tener mayor aumento de
1962960	1967520	dotación policial es muy difícil ya hay un estudio nacional, una estadística que dice que
1967520	1973120	hay un difícil del menos 12 mil carabineros en el país, por lo tanto yo creo que es una
1973120	1979760	herramienta que nos podría permitir generar en la población mayor grado de confianza,
1979760	1983800	se puede hacer recuperación de fachadas, se puede hacer recuperación de espacios públicos,
1983800	1988760	se a todo lo que generen en que nosotros como vecinos vecinos nos sentamos de manera más
1988760	1993680	segura en la comunidad, entonces yo tengo una propuesta de proyecto, lo conversé en el
1993680	1999840	gobierno regional con el encargado de seguridad ciudadanas, no Jorge Alvistur, le planteé la idea
1999840	2004720	en general y el me señala que de parte del gobierno regional no habría ningún problema
2004720	2010080	todo lo contrario estarían abiertos a apoyar este tipo de iniciativa, me indica que tienen
2010080	2016560	en este minuto un iniciativa más menos parecía enualpen y aportas de iniciar con un programa
2016560	2021840	también como en esa misma línea en tal cabuano, por lo tanto el ingreso sido si tiene
2021840	2028160	que ser a través de la céspla y una vez que el proyecto llegue ingrese se hace los ajustes
2028160	2034440	lo que significa eso, y finalmente una vez que el listo me decía que están disponibles para
2034440	2039720	financiar y apoyar este tipo de iniciativa, ahora en el entendido que es el municipio,
2039720	2044440	que en tiene la potesta, yo solamente me interesa que usted me permita a hacerles llegar
2044440	2050800	la propuesta de borrador, que es una propuesta bastante insipiente si los conocimientos técnicos
2050800	2055600	o si los datos de mográficos tal vez que son de resorte municipal, pero no obstante yo creo
2055600	2061720	que instalar la idea, no permitiría avanzar en materia de seguridad ciudad. Eso es una
2061720	2063440	en el cálter.
2063440	2071400	Muchas gracias, consejarlas, sofrece la palabra, si el otro Vicente, nos fa bien de que
2071400	2077520	lo me. Gracias al cálter. Bueno, me insiguiente suelo siguiente.
2077520	2085320	El primer punto es con respecto a un punto crítico ahí en el mercado campesino de calle
2085320	2097760	Valdevia, de buena forma están ingresando la caja eléctrica, a la iluminación del sector
2097760	2106800	durante la noche para cometer de alguna forma consumo y otras situaciones ciertos que
2106800	2111760	atagan ciertos atentan cortes de inseguridad o la seguridad del sector.
2111760	2120480	Ya, de alguna forma hay que buscar la alternativa de limitar este manejo, que también
2120480	2130320	igual es peligroso para quienes lo manipulen. El segundo punto mencionar que el asesión
2130320	2136360	ordinar y anterior habíamos acordado una comisión de educación para el día de hoy, pero
2136360	2143520	no se budo cierto por alguna dificultad de por parte de los de la onión común en
2143520	2150520	la bodero, así que se aplaza o se trae la almarte 12 de la siguiente semana.
2150520	2162240	Y el último punto es con respecto a la sugerencia de considerando el tiempo, o sea, el
2162240	2171700	que no, el productamente va a llegar ciertos y así también las vacaciones para ver
2171700	2178280	si es que a través de cultura y también deportes, bueno, los trayezas realizó una actividad
2178280	2185320	autonomica que tuvo bastante concorrida puede haber cierto, ahí había mucha gente participando
2185320	2191640	así que felicito a quienes tuvo a cargo de esa coordinación y exitos actividades, pero
2191640	2199760	el punto que hoy es que faltó una opción, cierto, una oferta de la cultural y también
2199760	2208040	lo deportivo para niños y niñas desde los tres años, en otros, en otros, otras como
2208040	2218040	un es cierto han apostado por esta alternativa y se ha logrado una buena concurrencia y bueno,
2218040	2224360	hay que considerar todo la información, los datos que llegan a esta mesa cierto por parte
2224360	2234760	de salud, senda y otra instituciones, cierto que no llegan a y nos llevan a apostar
2234760	2241640	por esta iniciativa y también en toda la prevención, ya se da enfermear en como la
2241640	2252040	ciudad y también de Hitler, cierto costumbres sanas como el deporte y también otras
2252040	2260160	que pudiesen recoger y replicar a nivel comunuela, así que eso espero que pueden ser
2260160	2267120	tomar bien al calte, muchas gracias. Muchas gracias, Foyad, hoy yo lo dan. Gracias
2267120	2272800	a ser al calde, salud nuevamente a todos los presentes y la gente que nos ve la distancia,
2272800	2278000	mi primera incidente dice a relación con una situación que está ocurriendo ya de, de
2278000	2283840	yo grasa un par de años en placer, que tiene que ver con la poca disponibilidad de
2283840	2288440	estacionamientos, aquí voy a llegar con esto conversando con algunas personas mayores, durante
2288440	2293240	esta semana, precisamente ya en realidad, me comentaban que posible exista de que se puedan
2293240	2297200	de limitar, yo sé que esto obviamente requiere un control, requiere a lo mejor una presencia
2297200	2301360	de algún inspector municipal o algo por el estilo, pero que se puedan de limitar al menos unos
2301360	2306480	cuatro estacionamientos que se han para un uso de cierto tope de minutos, por ejemplo,
2306480	2311000	o se exclusivos para trámite y hasta 15 minutos de uso, por ejemplo, como se da en alguna
2311000	2315160	estaciona de servicio o en otras comunas también, que permite a las personas que vienen a ser
2315160	2318800	un trámite muy puntual, la municipalidad, un trámite muy puntual a notaría, un trámite
2318800	2323760	muy puntual al banco estado, y que requiere nada más que 15, quizás 20 minutos, o incluso
2323760	2329000	hasta media hora, pero que tengo tope, porque eso ya de las 8 o 5, 8 o 30 de la mañana
2329000	2333000	ya no hay espacio disponible en placer a darme sobre todo, para la persona, en situación
2333000	2338560	de esta capacidad, para la persona mayor, alejarse un tanto donde están ubicados los servicios
2338560	2344160	se torna una dificultad sumamente compleja, es por esto que se atrevían a plantear esta
2344160	2349440	situación para que se puedan realizar con la administración, con los equipos de tránsito
2349440	2353800	y la factividad al menos va a ser el intento de eliminar cuatro estacionamientos, o lo
2353800	2358880	que se estimes convenientes que sean solo, para un uso de tiempo determinado, como se
2358880	2363520	controlará, habría que fiatar esa situación, pero con una buena señalética y
2363520	2369160	estentiendo, ya habría un control aunque se es puradico, se podría ir generando también
2369160	2374040	este cambio de mensalidad para que vienen a hacer un trámite cortito al sector centro de la
2374040	2377360	comuna, así que también lo planteo para que se puedan realizar ya que son muchas personas
2377360	2384080	lo que lo están haciendo alucionado, en otra materia conversando también con espositores
2384080	2389240	de las ferías de las pulgas, hacia la mención de qué posibilidad de hacer una especie de
2389240	2395560	convenio o buen trato, con algunas contas de vecinos, yo creo que las contas de vecinos uno
2395560	2401480	militar tendría que ser que puedas facilitar los baños, ya que no se encontraría en la situación
2401480	2405840	que por ejemplo ocurría en el cementerio, que las personas podían hacer su necesidad en el
2405840	2410680	mismo cementerio que tenía baño habilitado, acá no cuentan con ningún espacio, para
2410680	2417400	poder generar esta situación, incluso planteaban ellos que tuviese un pequeño córro, trescientos
2417400	2421920	pesos, tal vez que pueda llegar a disposición de la misma justa vecinal, pero lo
2421920	2425840	gicamente hay esperan que desde la municipalidad se pueda generar esta conversación con
2425840	2429880	las punta de vecinos más cercana, que debería ser un nuevo hospital y pientar, obviamente
2429880	2435000	ciertas condiciones con el cuidado del espacio, con legiene y con una retribución monetaria
2435000	2440480	también que permita comprar lo enceres de legiene, pero sí mismo también puede dejar
2440480	2444680	un espacio para las casas chicas de la misma punta de vecinas, así que también lo planteo,
2444680	2449240	producto de las distintas menciones que hacen cada 14 días, cada dos semanas hay
2449240	2456000	una serie de las pulgas. En otro tema, que tiene que ver con lo que habíamos comentado
2456000	2461560	hace varios meses atrás, y que espero no se quede durmiendo los labores, lo que habíamos
2461560	2464760	planteado en un momento sobre la protección de la laguna rellena en tuba, con la ley
2464760	2472080	de humedales 21.122, acá no solamente entre los humedales, también entre las lagunas,
2472080	2476620	según la convención Ramsar, que en la base de la ley Chilean en esta materia de los
2476620	2481780	darles son extensiones de marísmas, pantanos y turperas o superficies cubiertas de aguas,
2481780	2486860	sean estas de régimen natural artificial, permanentes o temporales estancadas o corrientes
2486860	2492660	dulces, salobres o saladas, y logicamente nuestra laguna rellena en tuba, una superficie
2492660	2496720	de aguadulse estancada por lo cual les tradirectamente en la definición, más allá de
2496720	2501200	redondar en todo lo que planteó en otras sesiones de consejo y donde claramente nuestra
2501200	2506460	laguna canifica, pido que se puede oficiar a la municipalidad de Gualquí, para conocer
2506460	2510840	cómo ellos desarrollaron este proceso, ellos ya tienen protegida la laguna rellena en
2510840	2516560	cura, que es la laguna gemela de nuestra rellena en tuba, y la verdad, conocerlo ante
2516560	2521400	sedente, cómo fue el proceso, cuáles fueron los proyectos contra que se encontraron
2521400	2525120	el camino para lograr protegerla, nos va a servir de insumo, para que podamos avanzar
2525120	2530240	en la protección de la rellena en tuba, la protección de esta logicamente busca que
2530240	2537640	entre el espejo de agua, sea lo más valorable que tenemos en Santa Juana, tenemos afortunadamente
2537640	2544380	esta posibilidad de contar con este espacio que no se encuentran todas las comunas, acá
2544380	2549720	hasta arriba en caso de cualquier situación y regular el escudo de la ley 21122, que
2549720	2553160	va a significar que el estado va a reconocer que se cuerpo da agua es un riñón para
2553160	2557620	Santa Juana, que purifica la aire y que regula la temperatura y recarga las napa
2557620	2561800	sus terranes también, entre otras cosas que tienen que ver con los distintos criterios
2561800	2568100	para la aplicación de esta ley, en resumen la laguna cica lífica con un medale en esta
2568100	2572500	situación desde el punto de vista científico y legal, que se llama el laguna prácticamente
2572500	2577320	solo un nombre geográfico pero es una naturaleza jurídica claramente bajo esta ley en
2577320	2582860	la de un medal urbano, así que también pido, reitero que se puede oficer a la municipalidad
2582860	2587300	de Gualquí, conozcamos lo anteciente como se trabajó y por que no apostar a que en
2587300	2591680	mediano plazo podamos tener protegida nuestra laguna rellena tú como le están haciendo
2591680	2597660	en distintos espacios del país, y como último punto también referente a algo que está
2597660	2602100	cerca en el laguna y en lo que hemos reforzado a arte también mi escolega, que tiene
2602100	2606760	que ver con el fuerte, en esta análise que hacía muy en este ciudad que hacía más un tiempo
2606760	2612400	referente a la respuesta de la contraroría, que la verdad que mi me pareció bastante, no
2612400	2618000	me dejo contento, la verdad, pero si dejaba entre ver algunos puntos, primero que ya
2618000	2622760	hay que instruir a la agas dependencia municipal de la creación de un planta estestigación
2622760	2626960	y mediata para el funcionamiento del fuerte histórico, porque se está tornando un espacio
2626960	2632240	y lamentablemente, está haciendo para el descontrol, para el consumo de alcohol, para
2632240	2638880	el consumo de droga, y yo creo que para nadie, un espacio con la condición de monumento
2638880	2643120	nacional, debería prestarse para esas condiciones, podrá ser poco populista lo que estoy
2643120	2647120	planteando, pero creo que en necesario poder generar un plan de activación que permita
2647120	2651840	también el cuidado del fuerte histórico, tal vez, a través de una programación cultural,
2651840	2656420	a través de alguna programación turística también permanente, pero que se le deduce o
2656420	2661320	solem que un monumento nacional, y ya está muy en esta, la el ser monumento nacional
2661320	2665120	lamentablemente lo limita un montón de cosas, pero si también tenemos el deber de entregar
2665120	2669120	una programación y entregar un espacio que se ha utilizado como un monumento nacional,
2669120	2674520	así mismo, esto tiene que generar una labor coordinada de consecuridad pública, con caradineros
2674520	2680160	cierto un plan de recuerdo específico de este patrimonio estableciendo que este no es un espacio
2680160	2685040	de libre consumo, sino que es un resinto patrimonial protegido, y también creo que,
2685040	2689560	bueno, de hecho lo mencionaba también esta mesa y esta indicación que responde a la
2689560	2693320	construcción de controloría, que se genere bien de una mesa técnica con la dirección de arquitectura
2693320	2698320	del mob para la revisión del proyecto de portán estatas ceso y el levantamiento de las fallas
2698320	2703880	constructivas, en qué va a eso, estas generas esta mesa en una retoalimentación, en qué
2703880	2709720	va a lo de los portales, porque creanme que tener unos portales bastante acordes,
2709720	2714800	a lo que es el fuerte también le da más presencia, le da otro vigor y en realidad
2714800	2718520	entendiendo que no vamos a poder cambiar un montón de situaciones de nuestros recordados
2718520	2723080	a su fuerte histórico, al menos tener unos portales de acceso, trabajados, desde la dirección
2723080	2726720	de arquitectura, con la decisión municipal, con la dirección de la comunidad, sin duda
2726720	2730000	que le va a dar un plustan bien a nuestra fuerte histórico que yo incisto, tiene que ser
2730000	2735080	un espacio que demuestre que es un monumento nacional y que está protegido y que deben
2735080	2739160	tener también las condiciones y deba mostrar a las condiciones para el recuerdo histórico
2739160	2742880	de este. Eso por mi parte, señora Escalte, muchas gracias por el espacio.
2743120	2747320	Muchas gracias, señora Escalte. Bueno, yo soy Álvia Algo Músela, tengo una nota de cada
2747320	2754060	una de los residentes y voy a hacer referencias unos de ellos. El tema de la entrega de la
2754060	2759960	vivienda de recontrocione, un tema que ha sido muy existente y reiterativo con las
2759960	2768740	estudiantes que tenían su su banda, como quiere de asumirlo. El gigamos, recién temétene
2768740	2775060	meses de marzo, seré mi, ya me reunió con el seré mi, el pedido de hecho hubo una reunión
2775060	2781740	ya, el seré mi con poco una reunión, donde participó el serio, la seré mi, estoy en
2781740	2785900	todo lo que hemos tenido, que usted me está revisando el tema de la estuvo también
2785900	2789340	presente, el seré, la seria mi en salud, que la seria en esta rueda de una de la área
2789340	2793820	digamos que ha sido bastante cuestionada, porque es fondo se tiran, de que os pela
2794080	2799060	las teleres adeladas, pero te unos con otros, porque elleré mi dice que la sonderna la
2799060	2803900	repetimos en chegan lo antecesente y la epidise que el acere mi no lo reyesan, entonces
2803900	2808100	hay que ser, oye, yo estoy dediando la mañana, estoy como el medición, estoy
2808100	2814420	la serie ni de, de vivienda vivienda, he me confirmado que se reunió ya lo que hemos
2814420	2820500	lately, justamente sé para dejad montarle más la Celera, estas tenentes aquí
2820500	2823680	yo creo que hay cosas que se se les show muy bien y otro es la Fentsable
2823680	2826900	de este lluvia que va a estar activa por los tiempos de espera, aquí hay viviendas que
2826900	2830920	se construyó en seis se van, y dentro de hoy yo te ha podido grabar un
2830920	2835380	a un empresario local como el Jimi Oliva, que ha construido viviendas en seis se van,
2835380	2841100	verso otros problemas de agua, que ha sido poso profundo, no vían agua, otros
2841100	2844180	otros puntos, otros puntos, otros puntos de trabajo, entonces lo que nosotros estamos
2844180	2847300	planteando es cierto que el caminaje de ese es una alternativa clima a líder de la
2847300	2854300	serie y nos respondamos que canla bien, entonces hemos esto esfuerzo y lo vamos a seguir
2854300	2859900	esto, entonces esto es porque se lo dije tarde como los planteados de Joseco, que la gente
2859900	2862980	no va a seguir esperando en la vienta emergencia cuando la vienta está terminada en la
2862980	2867880	agua, les falta el resofete más de agua, pero el plan B es que el tema agua le dieron
2867880	2871340	a un se resofete con el caminaje, entonces que la gente ocupa en su vivienda, que
2871340	2875020	lo conozcaso, lo he gustado con gente que tiene más de un año, con su vienta tendría
2875020	2882540	de entrar en todo esto, esto este dilema que conocemos, yo le pedía a la autoridad
2882540	2886900	nueva, cierto que le encaran el día de te compas firme esa, que la gente se cambia
2886900	2897020	en internet, entonces vamos a insistir en que sea así, también el caso más complejo
2897020	2901500	respecto a bien en nacionales, o día estoy en Notarias, justamente para ver cómo
2901500	2906940	se termine hacer la descripción en el conservador, para algunos casos que están con
2906940	2911540	subsidios la mano, pero no se pueden tener porque no tienen el título dominio, entonces
2911540	2916620	se tramitó el título dominio, el caso más elevático con el que la samositada,
2916620	2922620	el reino ya de progadorio que vieron su madre, el lamentable de te está mostrado, hablamos
2922620	2928140	también con el nuevo serie, por lo tanto estamos poniendo velocidad, lo máximo que se
2928140	2934260	van en este tipo de hechos, ya que se escapan un poco de agua al manejo del municipio,
2934260	2938260	sino que son, bueno, caso de las velocidades, porque vieron a hacerle cuando fue medir,
2938260	2943380	no tenía ser, pues en el serco, no tiene que, como vieron a hacerle, ahí el municipio
2943380	2947220	apostó con alambre y los vecinos ayudaron en mi cama, o sea la hizo el serco y se
2947220	2952420	midió, y sé que todo el proceso que ya está por ser esta semana de día increíble
2952420	2957500	enseña en el conservador de Santa Juan, en el caso Pesico, o sea, Rosita y son, bueno,
2957500	2962260	ahí va el caso un paquetán en la misma situación y que, por eso, se le da un
2962260	2970340	verde a la construcción de la, de la vivienda, ya respecto al tema de los adoptos mayores,
2970340	2973820	nosotros hoy día tenemos un convenio que el ministerio se arroz social, se está trabajando
2973820	2980820	en el problema de esa barra del local, donde hay 485 personas que son postrados en
2980820	2988300	el mismo strado y que dependen de un cuidador, no remolirado a hacer esto, es un programa
2988300	2993300	bueno, cierto, porque permite justamente llegar a la casa de las personas y también de apoyar
2993300	3001060	al cuidador, el convenio que permite también de esas mayas programas más amas, ese
3001060	3007940	entro día que son allá, que en las estamos fortaleciendo, la idea es que los autoguñores sean,
3007940	3014740	como dice muy claro, autualente, pero sí, nosotros vamos a trabajar con la información
3014740	3019380	de las postas y hospitales, como señal ahí, claramente, cierto para ir haciendo una especie
3019380	3026380	de barrido, respecto a casos que no hay en garret de apoyo, aquí en el programa específico
3026380	3032260	que está, yo ya que está iniciando, se hace poco, pero como vemos a los equipos
3032260	3039820	que están muy comprometiendo con las personas, digamos que están en el costra o los cuidadores,
3039820	3044100	estamos nosotros también este plan de coordinación con el que más también te salo en
3044100	3048100	el habitación de caminos hacia las personas que están postradas, que de un tema que
3048100	3052380	también lo trabajamos en el año pasado, y también se está trabajando en lo mismo,
3052380	3058900	si queréis también estamos en este caso, en este caso, que está haciendo, vamos a ver
3058900	3066180	qué pasa con la calle Bantibia, hay un atraería, eso de calle, que dos veces se refieran
3066180	3074060	lo mismo, a la práctica el payment, ya mismo, se entió en la cinco esquina, al mercado
3074060	3082780	de alpecino con el centro, ya vamos a volar el ojo en todo el payment de la calle Bantibia,
3082780	3087740	respecto a la tema de contraroliría yo, estoy solicitando una reunión del contralor,
3087740	3091780	nosotros tengo un comerio con un talio, es la municipalidad que fue lo que lo que nos
3091780	3095780	vamos a llevar a ellos atrás, y que sigue estando vigentes que municipios, todas las
3095780	3100980	licitaciones son convictos bueno de la contraloría, ellos revisan la base, le han visto bueno
3100980	3104700	y se observación ese corigen, y a la hora de adjudicar antes de adjudicar también lo
3104700	3110580	vuelva a risas con la realidad, y yo me estoy solicitando una entrevista justamente
3110580	3115860	porque, vale, vamos a hablar con el geofefinanza, a la que se podía haber referido esto
3115860	3120460	porque aquí, a la la municipalidad, no he llegado en ningún informe de concerto de esto
3120460	3128620	yo estoy en la constraroliría, no con lo que estamos viendo la reunión, porque no salió
3128620	3132340	ningún, por lo menos hasta la semana basada, no salió ningún informe, hace ningún
3132340	3137660	insino, respecto a lo que se ha comentado respecto al lugar, a la geofefinanza me dice que
3137660	3141820	puede día, eso es lo que yo quiero listo dejar claridad con la constraroliría, gasto como
3141820	3146420	el ejemplo, me decía en la fiesta a la piel, el día en niño, pues va por roco dentro
3146420	3152740	de los posibles, gasto que construir entre comillas, no nos considera como gasto, pero esto
3152740	3156780	nos dice que el municipio ha visitado, le citábamos y se hizo todo el regal, lo que
3156780	3160420	pasa es que la constraroliría tiene ciertas calificaciones, es que es la que yo espero
3160420	3165100	que no te complaridad cierto, por lo que le ideó, pues como esto ya hace las cosas,
3165100	3170220	de buenas formas, si que yo estoy esperando que nos confirmen de la reunión, respeto
3170220	3180780	esta estema de seguridad, pero yo creo que de todo lo bueno es que se están, las policías
3180780	3185860	están haciendo la veiga, se están haciendo investigaciones y se están haciendo procedimientos
3185860	3189140	y en eso, por supuesto nosotros lo vamos a seguir tratando a las policías tanto, me
3189140	3192940	digo como el carabinero, hace esto que reforzar la seguridad a la comunidad y más
3192940	3197780	con lo antecedente que lamentablemente todos conocemos, así que con mayor razón vamos a
3197780	3203340	decir mayor refuerza a los sistemas de trabajo y hasta la inteligencia, que eso, por supuesto,
3203340	3208540	yo estoy en su propio sistema de peticasio que no ligamos en los comentarios tampoco,
3208540	3220500	ya respecto al mercado, que han pecido caja la ratiléctica, a ver nosotros hemos
3220500	3226220	montado su viento porque las cajas de la gente, en la numbábulio y en la gente de
3226220	3230780	los sueños bajo el automático caja que están ubicados a la altura de las personas,
3230780	3235940	lo que se está haciendo en 10 su villas, a dos, tres metros hace hacer, hace el de
3235940	3241540	abre y poste, justamente para que un carabinero no es que yo suba o bajo el automático,
3241540	3246500	entonces vamos a reitar que más hoy en el sector de mantiva, pero no se está, o sea,
3246500	3252940	hemos llegado a eso, para que la gente no fue que se cogía o han deponido del vandalismo
3252940	3258660	con el un bravo único, así que vamos a ver lo que pasa ahí en calle vantivia y
3258660	3265500	en materia de morte cultura para niños, yo creo que no es perfectivamente, la ciudad
3265500	3270900	no prende estosos para niños de una edad más su mayor, a los 10 años, pero me parece
3270900	3276500	bien que en el de hecho cuando nosotros hablamos de, de, bueno, años atrás del tema
3276500	3281020	de las casas las cuenas constantemente para que estimularan los niños a más tempran
3281020	3284300	de edad a eso, a desarrollo de inteligencia, y bueno, los expertos y científicos saben
3284300	3289300	de que eso es, eso es así, pero tanto me parece bien buscar las formas como desarrollar
3289300	3292980	teaputuranios, deportivas para pequeños más pequeños, más pequeños, el mejor acompañamos
3292980	3300020	sus padres, yo destaco, por ejemplo, lo que hicimos años atrás, en la piscina se merempígate
3300020	3308100	espireta de pera de casas y va a tallar el bebé y van la mamá, en su bebé y en parasada,
3308180	3313540	si nos va bien con el puesto, la piscina vamos a volver a generar espasas que son
3313540	3318500	también, bueno, desde el bebé, danos a un tomeño que, y personas con discapaciencias
3318500	3322780	prestuelan espasas en la piscina, así que si nos va bien en este bebé y esto supuestro
3322780	3326100	que vamos a volver a generar estos pasos con la guaste perada y todos los que os responde
3326100	3331500	para usar de invierno, y verano, y esta más cultural igual al pago, a ver lo que podemos
3331500	3338220	también en esa materia, este salivía, esta salivía, esto no va a ver con tránsito
3338220	3342780	que nos pueda estudiar un poco, sabemos que hay existo una altísima demanda respecto al
3342780	3348220	perímetro de la plaza, todo se quiere estacionar, algunos estacionan se van a trabajar
3348220	3352540	a concepción, y a ejemplo, estacionando al día, o sea, les sirve, pero también para los demás
3352540	3357060	pues en coo, entonces vamos a ver con tránsito a algún estudio que se puede hacer que sea
3357060	3362140	no va justo y democrático o cígrimas, entonces ahora gente voy a haceros, es un rato
3362140	3368180	por lo estacionamiento, respecto a las feras, por que hay que comprarse con el pezino, por
3368180	3371780	la misma proguncuación de los baños, tenía su ventaja estar en el lance en el exterior
3371780	3375100	porque está en los baños, hoy día en una noctá en los baños, la ventaja está en que
3375100	3382060	el día en las feras estaba ordenada, podría ponerse. Sí, las personas que estar en la
3382060	3389300	fera, en los pantáneo, el negocio que está en el frente, por 300 pesos, digamos, les
3389300	3393580	prestan servicios de baño, va a ir en México en la punta de 100 pesos, se puede hacer
3393580	3400900	una cosa distinta, pero al menos en los que yo comprése el pezino que tiene un negocio
3400900	3407940	al frente, por 300 pesos, el pezino, ya veremos nosotros y podemos hacer una cosa distinta,
3407940	3413460	la semana basada, también estuve con el conciema, estuve con la dirección de arquitectura,
3413460	3423980	regional, todavía no están un bravo de dirección, estuve con quien su roga, insistiendo
3423980	3430820	digamos, como muchas firmes hagan estemas de fuerte, el museo de interpretación, las reparaciones,
3430820	3434620	la comprasación que hubo con el cerebrador, las públicas que ha subido, el nuevo estemos
3434620	3443140	fue enfrente en la que tratamos, así es que la idea es recuperar el museo de interpretación
3443140	3450020	a ser usado en tal levidad y también respecto a la planada, lo conversamos, la planada,
3450020	3454940	no es que nosotros queremos hacer, es poder sembrar pastos, o sea, que tengo un acabo de
3454940	3461420	bastos. Bueno, la sequena ya que en la parte del equipo de ínico de la dirección de
3461420	3467780	interpretación, me dijo que lo que la minestración anterior existe los fízos esto que pidió
3467780	3476100	eliminar la capa digital, ya, yo creo que no se ve bien y creo que generas va un sentido
3476100	3483420	de parque, esto es como ella, que tenga una capa, cómo se va de parque, ya, y bueno,
3483420	3488860	nosotros pensamos que es putera, no esto es fuerte, sino que va a ser cadela de la piscina,
3488860	3495580	los olabas y cidades en la zona totalmente fuera de lugar que venida, sino va bien, porque
3495580	3498660	esto también hay que consultarlo con lo que va a ser como Roberto Nacionales, hasta
3498660	3505020	va a ser los pastos, como estrictamente tenemos que consultarlo, consejo de volvento
3505020	3510660	es ahí o por todo, no por el nunca un peso, pero son efectos en los volventos nacionales,
3510660	3515660	por lo tanto lo comisamos también con el equipo de terque de estúrgara se van a pasar,
3515660	3523100	los aspectos de que podamos sembrar pastos y poder tener un empleado más bonita y cuidar
3523100	3529460	por supuesto, acabas de tener y lancia, vamos a ver la posibilidad de entrar en el curso,
3529460	3534140	acaban en la parte alta, vamos a hacer la instrucción, puesto, digamos, tiene que ser
3534140	3537300	pasuntado, la encabacía tenemos que hacer la encabacía, tenemos que hacer la encabacía,
3537300	3546940	a llegar del fuerte, pero, buscaremos los puntos de ale daño, ya, así que eso recibiamente
3546940	3552620	nos dejaré, nos dejaré eso, se le agradece, la sustencia, muchas gracias, se le va a hacer eso,
3552620	3556260	nos vemos en porca ese Meretavando
